{
  "typeName": "Folders",
  "version": 1,
  "properties": {
    "id": "0109c480-9200-45d3-87c2-f20bda1dd98e",
    "name": "Folders",
    "assets": {
      "typeName": "Folder",
      "version": 1,
      "properties": {
        "id": "f69a129c-a70b-4369-a5fa-3cee37acc1b5",
        "name": "Assets",
        "ids": {
          "typeName": "String",
          "data": [
            "5b6f74a0-80ab-4254-be13-d1a0fc469791"
          ]
        },
        "folders": {
          "typeName": "Folder",
          "data": [
            {
              "version": 1,
              "properties": {
                "id": "f7a8abe4-7f13-47b6-b613-fe4f3242c029",
                "name": "DefaultAssets",
                "ids": {
                  "typeName": "String",
                  "data": []
                },
                "folders": {
                  "typeName": "Folder",
                  "data": [
                    {
                      "version": 1,
                      "properties": {
                        "id": "223a179f-ad72-4357-b076-c352b38c0c3e",
                        "name": "Editor",
                        "ids": {
                          "typeName": "String",
                          "data": [
                            "cad21513-dfd7-4034-a282-71c071450e9c",
                            "8fe26a21-7fbc-4cca-8119-005fa6e4da26",
                            "afa42525-b0db-4165-b761-44fbe69d80bf"
                          ]
                        },
                        "folders": {
                          "typeName": "Folder",
                          "data": [
                            {
                              "version": 1,
                              "properties": {
                                "id": "49ddf18e-0981-4498-aab8-50dfdb3cbcb2",
                                "name": "Icons",
                                "ids": {
                                  "typeName": "String",
                                  "data": [
                                    "b3032c93-dade-4816-83cb-b84843218b4b",
                                    "cfd39bff-49ef-4400-bcbc-c5ad18fed10a"
                                  ]
                                },
                                "folders": {
                                  "typeName": "Folder",
                                  "data": []
                                },
                                "assetVersion": 1
                              }
                            }
                          ]
                        },
                        "assetVersion": 1
                      }
                    },
                    {
                      "version": 1,
                      "properties": {
                        "id": "5eaf289c-c769-4838-bfe2-0365dfb7ac49",
                        "name": "VisualGroups",
                        "ids": {
                          "typeName": "String",
                          "data": [
                            "a877b296-3133-4b4f-b1f7-3711e195c8a2"
                          ]
                        },
                        "folders": {
                          "typeName": "Folder",
                          "data": []
                        },
                        "assetVersion": 1
                      }
                    },
                    {
                      "version": 1,
                      "properties": {
                        "id": "e6f38af4-9f63-469a-b4b2-44db1e27a97f",
                        "name": "Shaders",
                        "ids": {
                          "typeName": "String",
                          "data": [
                            "44999dfc-2fdb-485b-8605-d135932a7d98",
                            "87f43a0a-e628-49d4-b15d-c58d0e6b6093",
                            "46a7aa36-7b95-41f2-b9b1-06230aeb8bc5",
                            "c0ea7791-e602-4ff6-bc05-36d649ab19ee",
                            "f92f6d91-d12d-4d91-9831-2f381332624d",
                            "9c0036c3-3c9d-4822-b48d-0ba46a53d84d",
                            "a079f68e-d0a8-45d8-8573-559191c996cb",
                            "6b5f53f5-bff6-497c-8412-e105ea13a4d9",
                            "b49ef3dd-1de9-4d75-a80c-6b1d9de075b5",
                            "076520d8-e2af-4f2c-ab54-38921b867c44"
                          ]
                        },
                        "folders": {
                          "typeName": "Folder",
                          "data": [
                            {
                              "version": 1,
                              "properties": {
                                "id": "9a0a2337-e701-4bd3-9548-234d00a1d063",
                                "name": "PostFX",
                                "ids": {
                                  "typeName": "String",
                                  "data": [
                                    "2506fd7e-c623-4734-b972-c71ed2119b63",
                                    "ef72173f-8a4f-4e95-9508-9323d9596025",
                                    "1995ea65-c920-4264-a61e-cdc9f587eb60"
                                  ]
                                },
                                "folders": {
                                  "typeName": "Folder",
                                  "data": []
                                },
                                "assetVersion": 1
                              }
                            }
                          ]
                        },
                        "assetVersion": 1
                      }
                    },
                    {
                      "version": 1,
                      "properties": {
                        "id": "594ba189-8457-4d0d-b723-e7db3d6b473b",
                        "name": "Materials",
                        "ids": {
                          "typeName": "String",
                          "data": [
                            "bde4220a-aa39-4b76-b7f4-07bd5b694f3c",
                            "76772983-6799-4abe-99aa-39be73d99802",
                            "1aa59676-b9c7-414d-ad03-f289b1836a40",
                            "2b9a0843-f3ff-47b0-8aa8-97875610749b"
                          ]
                        },
                        "folders": {
                          "typeName": "Folder",
                          "data": []
                        },
                        "assetVersion": 1
                      }
                    },
                    {
                      "version": 1,
                      "properties": {
                        "id": "6d2d7bd6-40ab-4f48-9c9e-93876e744584",
                        "name": "Textures",
                        "ids": {
                          "typeName": "String",
                          "data": [
                            "44a6bcb7-cc80-418e-9e32-35a0646bea29",
                            "10a17753-3154-479f-ae55-a7db864eb2ab",
                            "b18068e2-b5ef-4fb8-a797-10f2709f7509",
                            "419d7994-d316-48f4-a6e3-30043eb3c02c"
                          ]
                        },
                        "folders": {
                          "typeName": "Folder",
                          "data": []
                        },
                        "assetVersion": 1
                      }
                    },
                    {
                      "version": 1,
                      "properties": {
                        "id": "2e18f3d7-68f4-4420-b99a-4171ce3b143a",
                        "name": "Transition",
                        "ids": {
                          "typeName": "String",
                          "data": [
                            "88c123ad-2c40-41c4-9278-e2fa7af1d0a7",
                            "83d210be-2fff-4ffe-bb02-af60f4f8e21c",
                            "e5ea7011-996b-4831-92b6-592c7eee5e26"
                          ]
                        },
                        "folders": {
                          "typeName": "Folder",
                          "data": []
                        },
                        "assetVersion": 1
                      }
                    },
                    {
                      "version": 1,
                      "properties": {
                        "id": "7fb4c802-a1d8-43fe-9762-9a8501f8033b",
                        "name": "Geometry",
                        "ids": {
                          "typeName": "String",
                          "data": [
                            "4c09e1d6-07d9-494d-8b32-b9c8a1eb9b54",
                            "5022d816-be37-4901-8edd-4335599264cc",
                            "e01ede24-8517-4765-bf47-0a8936fad688",
                            "0acf0cec-7290-46aa-bde5-f310aa500626",
                            "67fc2a69-1c25-4370-8ccc-af26118a6a9a"
                          ]
                        },
                        "folders": {
                          "typeName": "Folder",
                          "data": [
                            {
                              "version": 1,
                              "properties": {
                                "id": "bfe50aa0-37fb-4983-a297-eb5fb2918f0d",
                                "name": "Meshes",
                                "ids": {
                                  "typeName": "String",
                                  "data": [
                                    "13acfbe3-4422-4271-8d18-a4513b56afc5",
                                    "92ded53e-8f52-416c-a749-420b1b918051",
                                    "427aaf80-8a15-4608-bdb0-a3f2fb5a7e33",
                                    "63bcd3fb-7727-4a0d-a419-9bf070ff7e75",
                                    "e54cb8f2-8b04-46b9-ab11-815b7348e674"
                                  ]
                                },
                                "folders": {
                                  "typeName": "Folder",
                                  "data": []
                                },
                                "assetVersion": 1
                              }
                            },
                            {
                              "version": 1,
                              "properties": {
                                "id": "a6f49f92-50f1-48ee-bb3f-82c474e3e498",
                                "name": "Materials",
                                "ids": {
                                  "typeName": "String",
                                  "data": [
                                    "60464faa-2499-4b07-a8a0-cf49863f4faa",
                                    "bfac800b-86d6-4381-8399-95ad4259c391"
                                  ]
                                },
                                "folders": {
                                  "typeName": "Folder",
                                  "data": []
                                },
                                "assetVersion": 1
                              }
                            }
                          ]
                        },
                        "assetVersion": 1
                      }
                    },
                    {
                      "version": 1,
                      "properties": {
                        "id": "9bfa2060-6305-4f62-aff2-5620e3f48e8c",
                        "name": "Hud",
                        "ids": {
                          "typeName": "String",
                          "data": [
                            "00f8090f-6b84-4382-b5f7-60224764d8a8",
                            "24e9009b-1513-4eb3-8436-5868a53795d8"
                          ]
                        },
                        "folders": {
                          "typeName": "Folder",
                          "data": [
                            {
                              "version": 1,
                              "properties": {
                                "id": "ec1e48b6-c36b-40c4-b141-8ba3e3da1742",
                                "name": "Textures",
                                "ids": {
                                  "typeName": "String",
                                  "data": [
                                    "45cf16f6-164d-45aa-8114-298566f61ef6",
                                    "3a8b29c7-d36b-4d2c-ba1d-3483fc131adb",
                                    "e9d71875-a15e-42a6-b543-fb6b7fd23260"
                                  ]
                                },
                                "folders": {
                                  "typeName": "Folder",
                                  "data": []
                                },
                                "assetVersion": 1
                              }
                            },
                            {
                              "version": 1,
                              "properties": {
                                "id": "6c0b9ab5-725c-4834-a5ae-c4c09ddbbbde",
                                "name": "Animations",
                                "ids": {
                                  "typeName": "String",
                                  "data": [
                                    "b2406e3e-c501-41c9-9556-bca90d9e6f5d",
                                    "0d8d2c12-2952-46ee-a10d-a43cfded5347",
                                    "6f311187-57ab-4650-9c65-53a1e8a7ca1f",
                                    "32a70a54-b399-4c1b-80a8-5a204e97d347"
                                  ]
                                },
                                "folders": {
                                  "typeName": "Folder",
                                  "data": []
                                },
                                "assetVersion": 1
                              }
                            },
                            {
                              "version": 1,
                              "properties": {
                                "id": "b4e99b6d-e3ce-46a5-b285-b938fcd0c1aa",
                                "name": "Prefabs",
                                "ids": {
                                  "typeName": "String",
                                  "data": [
                                    "88e847e3-9538-4b6e-9b39-3ca1efca6c34",
                                    "821be2c1-96dd-4992-bfaa-f91d9714d18b"
                                  ]
                                },
                                "folders": {
                                  "typeName": "Folder",
                                  "data": []
                                },
                                "assetVersion": 1
                              }
                            },
                            {
                              "version": 1,
                              "properties": {
                                "id": "904bd3e5-2acd-4d03-aeb7-3084b049543b",
                                "name": "Controls",
                                "ids": {
                                  "typeName": "String",
                                  "data": []
                                },
                                "folders": {
                                  "typeName": "Folder",
                                  "data": [
                                    {
                                      "version": 1,
                                      "properties": {
                                        "id": "9a689cbf-6e0c-47e1-90ad-18de59de6c08",
                                        "name": "CheckBox",
                                        "ids": {
                                          "typeName": "String",
                                          "data": [
                                            "a0c71449-5004-4f6e-a586-0126f461e873",
                                            "aead650d-db94-4446-bea4-44e051649e99",
                                            "8fa04d85-0804-4f3f-b8b0-41b3fcebccb2",
                                            "12db621e-e3d2-4f9d-85f2-b9230c447b0c",
                                            "62e5ddd8-f0a6-4a17-b60d-0b4c3a6d02ea"
                                          ]
                                        },
                                        "folders": {
                                          "typeName": "Folder",
                                          "data": []
                                        },
                                        "assetVersion": 1
                                      }
                                    },
                                    {
                                      "version": 1,
                                      "properties": {
                                        "id": "21120dfb-4e80-464c-967b-557f64e9b76b",
                                        "name": "Slider",
                                        "ids": {
                                          "typeName": "String",
                                          "data": [
                                            "1f8f62a9-7183-4608-99d8-b1117ff6bc3d",
                                            "70d921f9-86a1-4895-8d5b-200f68cc66a1",
                                            "f858da5e-cff2-4c6a-bc79-f08025d88ead"
                                          ]
                                        },
                                        "folders": {
                                          "typeName": "Folder",
                                          "data": []
                                        },
                                        "assetVersion": 1
                                      }
                                    },
                                    {
                                      "version": 1,
                                      "properties": {
                                        "id": "9a853aa0-7437-4cd3-918a-218274ea1f85",
                                        "name": "Command",
                                        "ids": {
                                          "typeName": "String",
                                          "data": [
                                            "6378b346-a831-4ff6-afca-00e2526a7996",
                                            "9aeaa4f0-f11b-4051-adee-9552034b9450",
                                            "70dfe84a-cf96-4faf-b41f-e8800a3c61c5"
                                          ]
                                        },
                                        "folders": {
                                          "typeName": "Folder",
                                          "data": []
                                        },
                                        "assetVersion": 1
                                      }
                                    }
                                  ]
                                },
                                "assetVersion": 1
                              }
                            },
                            {
                              "version": 1,
                              "properties": {
                                "id": "e6b025b4-9c75-4eaf-87b0-6c5400704193",
                                "name": "Button",
                                "ids": {
                                  "typeName": "String",
                                  "data": [
                                    "9763427c-3a89-4f65-a8bc-5b3c0454ee9f",
                                    "0e73788f-500c-4fe2-8569-706d255dfe9d",
                                    "a951fa8d-1e73-4f2f-9430-019cd286d36c"
                                  ]
                                },
                                "folders": {
                                  "typeName": "Folder",
                                  "data": []
                                },
                                "assetVersion": 1
                              }
                            }
                          ]
                        },
                        "assetVersion": 1
                      }
                    }
                  ]
                },
                "assetVersion": 1
              }
            }
          ]
        },
        "assetVersion": 1
      }
    },
    "externals": {
      "typeName": "Folder",
      "version": 1,
      "properties": {
        "id": "928535ec-1798-4dd5-b0fe-11f28091bbb5",
        "name": "External Assets",
        "ids": {
          "typeName": "String",
          "data": []
        },
        "folders": {
          "typeName": "Folder",
          "data": []
        },
        "assetVersion": 1
      }
    }
  }
}