{
  "5b6f74a0-80ab-4254-be13-d1a0fc469791": "Assets/Startup.Scene",
  "cad21513-dfd7-4034-a282-71c071450e9c": "Assets/DefaultAssets/Editor/DebugMaterial.Material",
  "8fe26a21-7fbc-4cca-8119-005fa6e4da26": "Assets/DefaultAssets/Editor/DebugShader.Shader",
  "afa42525-b0db-4165-b761-44fbe69d80bf": "Assets/DefaultAssets/Editor/EditorGeometry.Material",
  "b3032c93-dade-4816-83cb-b84843218b4b": "Assets/DefaultAssets/Editor/Icons/Camera.Texture2D",
  "cfd39bff-49ef-4400-bcbc-c5ad18fed10a": "Assets/DefaultAssets/Editor/Icons/Light.Texture2D",
  "a877b296-3133-4b4f-b1f7-3711e195c8a2": "Assets/DefaultAssets/VisualGroups/UI.VisualGroup",
  "44999dfc-2fdb-485b-8605-d135932a7d98": "Assets/DefaultAssets/Shaders/Diffuse.Shader",
  "87f43a0a-e628-49d4-b15d-c58d0e6b6093": "Assets/DefaultAssets/Shaders/Cubemap.Shader",
  "46a7aa36-7b95-41f2-b9b1-06230aeb8bc5": "Assets/DefaultAssets/Shaders/FullScreen.Shader",
  "c0ea7791-e602-4ff6-bc05-36d649ab19ee": "Assets/DefaultAssets/Shaders/RenderDepth.Shader",
  "f92f6d91-d12d-4d91-9831-2f381332624d": "Assets/DefaultAssets/Shaders/Skinning.Shader",
  "9c0036c3-3c9d-4822-b48d-0ba46a53d84d": "Assets/DefaultAssets/Shaders/SkinnedRenderDepth.Shader",
  "a079f68e-d0a8-45d8-8573-559191c996cb": "Assets/DefaultAssets/Shaders/Sky.Shader",
  "6b5f53f5-bff6-497c-8412-e105ea13a4d9": "Assets/DefaultAssets/Shaders/Phong.PhongShader",
  "b49ef3dd-1de9-4d75-a80c-6b1d9de075b5": "Assets/DefaultAssets/Shaders/Particles.Shader",
  "076520d8-e2af-4f2c-ab54-38921b867c44": "Assets/DefaultAssets/Shaders/UI.Shader",
  "2506fd7e-c623-4734-b972-c71ed2119b63": "Assets/DefaultAssets/Shaders/PostFX/BloomStep1.Shader",
  "ef72173f-8a4f-4e95-9508-9323d9596025": "Assets/DefaultAssets/Shaders/PostFX/Blur.Shader",
  "1995ea65-c920-4264-a61e-cdc9f587eb60": "Assets/DefaultAssets/Shaders/PostFX/Compose.Shader",
  "bde4220a-aa39-4b76-b7f4-07bd5b694f3c": "Assets/DefaultAssets/Materials/UI.Material",
  "76772983-6799-4abe-99aa-39be73d99802": "Assets/DefaultAssets/Materials/Particles.Material",
  "1aa59676-b9c7-414d-ad03-f289b1836a40": "Assets/DefaultAssets/Materials/Sky.Material",
  "2b9a0843-f3ff-47b0-8aa8-97875610749b": "Assets/DefaultAssets/Materials/CubeMap.Material",
  "44a6bcb7-cc80-418e-9e32-35a0646bea29": "Assets/DefaultAssets/Textures/WhiteSquare.Texture2D",
  "10a17753-3154-479f-ae55-a7db864eb2ab": "Assets/DefaultAssets/Textures/BlackSquare.Texture2D",
  "b18068e2-b5ef-4fb8-a797-10f2709f7509": "Assets/DefaultAssets/Textures/Colors.Texture2D",
  "419d7994-d316-48f4-a6e3-30043eb3c02c": "Assets/DefaultAssets/Textures/particle.Texture2D",
  "88c123ad-2c40-41c4-9278-e2fa7af1d0a7": "Assets/DefaultAssets/Transition/Transition.Scene",
  "83d210be-2fff-4ffe-bb02-af60f4f8e21c": "Assets/DefaultAssets/Transition/FadeIn.Animation",
  "e5ea7011-996b-4831-92b6-592c7eee5e26": "Assets/DefaultAssets/Transition/FadeOut.Animation",
  "4c09e1d6-07d9-494d-8b32-b9c8a1eb9b54": "Assets/DefaultAssets/Geometry/sphere.Model",
  "5022d816-be37-4901-8edd-4335599264cc": "Assets/DefaultAssets/Geometry/cube.Model",
  "e01ede24-8517-4765-bf47-0a8936fad688": "Assets/DefaultAssets/Geometry/plane.Model",
  "0acf0cec-7290-46aa-bde5-f310aa500626": "Assets/DefaultAssets/Geometry/cone.Model",
  "67fc2a69-1c25-4370-8ccc-af26118a6a9a": "Assets/DefaultAssets/Geometry/Beam.Model",
  "13acfbe3-4422-4271-8d18-a4513b56afc5": "Assets/DefaultAssets/Geometry/Meshes/Beam.StaticMeshAsset",
  "92ded53e-8f52-416c-a749-420b1b918051": "Assets/DefaultAssets/Geometry/Meshes/Cube.StaticMeshAsset",
  "427aaf80-8a15-4608-bdb0-a3f2fb5a7e33": "Assets/DefaultAssets/Geometry/Meshes/Sphere.StaticMeshAsset",
  "63bcd3fb-7727-4a0d-a419-9bf070ff7e75": "Assets/DefaultAssets/Geometry/Meshes/Plane.StaticMeshAsset",
  "e54cb8f2-8b04-46b9-ab11-815b7348e674": "Assets/DefaultAssets/Geometry/Meshes/Cone.StaticMeshAsset",
  "60464faa-2499-4b07-a8a0-cf49863f4faa": "Assets/DefaultAssets/Geometry/Materials/Beam.Material",
  "bfac800b-86d6-4381-8399-95ad4259c391": "Assets/DefaultAssets/Geometry/Materials/Beam.Texture2D",
  "00f8090f-6b84-4382-b5f7-60224764d8a8": "Assets/DefaultAssets/Hud/EngineHud.Behavior",
  "24e9009b-1513-4eb3-8436-5868a53795d8": "Assets/DefaultAssets/Hud/EngineHud.CodeBlock",
  "45cf16f6-164d-45aa-8114-298566f61ef6": "Assets/DefaultAssets/Hud/Textures/cog.Texture2D",
  "3a8b29c7-d36b-4d2c-ba1d-3483fc131adb": "Assets/DefaultAssets/Hud/Textures/cross.Texture2D",
  "e9d71875-a15e-42a6-b543-fb6b7fd23260": "Assets/DefaultAssets/Hud/Textures/spider.Texture2D",
  "b2406e3e-c501-41c9-9556-bca90d9e6f5d": "Assets/DefaultAssets/Hud/Animations/EngineHud SlideIn.Animation",
  "0d8d2c12-2952-46ee-a10d-a43cfded5347": "Assets/DefaultAssets/Hud/Animations/EngineHud FadeIn.Animation",
  "6f311187-57ab-4650-9c65-53a1e8a7ca1f": "Assets/DefaultAssets/Hud/Animations/EngineHud SlideOut.Animation",
  "32a70a54-b399-4c1b-80a8-5a204e97d347": "Assets/DefaultAssets/Hud/Animations/EngineHud FadeOut.Animation",
  "88e847e3-9538-4b6e-9b39-3ca1efca6c34": "Assets/DefaultAssets/Hud/Prefabs/Property.Prefab",
  "821be2c1-96dd-4992-bfaa-f91d9714d18b": "Assets/DefaultAssets/Hud/Prefabs/EngineHud.Prefab",
  "a0c71449-5004-4f6e-a586-0126f461e873": "Assets/DefaultAssets/Hud/Controls/CheckBox/checkbox-unchecked.Texture2D",
  "aead650d-db94-4446-bea4-44e051649e99": "Assets/DefaultAssets/Hud/Controls/CheckBox/checkbox-checked.Texture2D",
  "8fa04d85-0804-4f3f-b8b0-41b3fcebccb2": "Assets/DefaultAssets/Hud/Controls/CheckBox/CheckBox.Prefab",
  "12db621e-e3d2-4f9d-85f2-b9230c447b0c": "Assets/DefaultAssets/Hud/Controls/CheckBox/CheckBox.Behavior",
  "62e5ddd8-f0a6-4a17-b60d-0b4c3a6d02ea": "Assets/DefaultAssets/Hud/Controls/CheckBox/CheckBox.CodeBlock",
  "1f8f62a9-7183-4608-99d8-b1117ff6bc3d": "Assets/DefaultAssets/Hud/Controls/Slider/Slider.Behavior",
  "70d921f9-86a1-4895-8d5b-200f68cc66a1": "Assets/DefaultAssets/Hud/Controls/Slider/Slider.CodeBlock",
  "f858da5e-cff2-4c6a-bc79-f08025d88ead": "Assets/DefaultAssets/Hud/Controls/Slider/Slider.Prefab",
  "6378b346-a831-4ff6-afca-00e2526a7996": "Assets/DefaultAssets/Hud/Controls/Command/Command.CodeBlock",
  "9aeaa4f0-f11b-4051-adee-9552034b9450": "Assets/DefaultAssets/Hud/Controls/Command/Command.Behavior",
  "70dfe84a-cf96-4faf-b41f-e8800a3c61c5": "Assets/DefaultAssets/Hud/Controls/Command/Command.Prefab",
  "9763427c-3a89-4f65-a8bc-5b3c0454ee9f": "Assets/DefaultAssets/Hud/Button/Button.Behavior",
  "0e73788f-500c-4fe2-8569-706d255dfe9d": "Assets/DefaultAssets/Hud/Button/Button.CodeBlock",
  "a951fa8d-1e73-4f2f-9430-019cd286d36c": "Assets/DefaultAssets/Hud/Button/Button.Prefab"
}