{
  "typeName": "EditorSettings",
  "version": 20,
  "properties": {
    "id": "30073df7-65dc-4c7e-9f77-6387696fdd72",
    "name": "EditorSettings",
    "lastEditedSceneId": "5b6f74a0-80ab-4254-be13-d1a0fc469791",
    "useEditorCameraInPlayMode": false,
    "showGrid": true,
    "showWireFrame": false,
    "showShadowCascades": false,
    "showIcons": true,
    "showCollisionShapes": false,
    "showCameraFrustums": true,
    "showLightGizmos": true,
    "htmlBackgroundColor": {
      "r": 0,
      "g": 0,
      "b": 0,
      "a": 1
    },
    "forcePow2TexturesOnImport": false,
    "editorCameraEntity": {
      "id": "2addde82-3dde-45c6-809b-d41865af5a9a",
      "name": "EditorCamera",
      "active": true,
      "components": {
        "Transform": {
          "version": 2,
          "properties": {
            "_active": true,
            "_position": {
              "_x": 10.927993443897286,
              "_y": 7.015726931532564,
              "_z": 12.567291826684324
            },
            "_rotation": {
              "_x": -0.26966215095640034,
              "_y": 0.39730376594186784,
              "_z": 0.1233660644927336,
              "_w": 0.8684542912793694
            },
            "_scale": {
              "_x": 1,
              "_y": 1,
              "_z": 1
            }
          }
        },
        "Camera": {
          "version": 3,
          "properties": {
            "_active": true,
            "_projector": {
              "baseTypeName": "Projector",
              "data": {
                "typeName": "PerspectiveProjector",
                "version": 2,
                "properties": {
                  "_zNear": 0.1,
                  "_zFar": 1000,
                  "_fov": 60
                }
              }
            },
            "_clearValue": "Environment",
            "_priority": 0,
            "_filter": {
              "baseTypeName": "VisualFilter"
            },
            "_renderTarget": {
              "typeName": "RenderTarget"
            },
            "_postEffects": {
              "baseTypeName": "PostEffects"
            }
          }
        }
      }
    }
  }
}